economy_title,revenu_title,revenu_value,chomage_title,chomage_value,fibre_title,fibre_value,entreprises_title,entreprises_value
ville-du-pont-25620,Économie,Revenu médian,26 430 €,Taux de chômage,"5,7 %",couverture en très haut débit (fibre),100 %,Taux de création d'entreprises,"11,8 %"
villers-grelot-25624,Économie,Revenu médian,21 950 €,Taux de chômage,"3,03 %",couverture en très haut débit (fibre),"99,02 %",Taux de création d'entreprises,-
villars-les-blamont-25615,Économie,Revenu médian,24 110 €,Taux de chômage,"9,86 %",couverture en très haut débit (fibre),"95,22 %",Taux de création d'entreprises,"11,1 %"
les-villedieu-25619,Économie,Revenu médian,30 980 €,Taux de chômage,"10,4 %",couverture en très haut débit (fibre),"91,45 %",Taux de création d'entreprises,-
villers-buzon-25622,Économie,Revenu médian,25 470 €,Taux de chômage,"4,88 %",couverture en très haut débit (fibre),"98,84 %",Taux de création d'entreprises,"42,9 %"
villers-la-combe-25625,Économie,Revenu médian,-,Taux de chômage,"7,4 %",couverture en très haut débit (fibre),100 %,Taux de création d'entreprises,-
villers-sous-chalamont-25627,Économie,Revenu médian,21 760 €,Taux de chômage,"4,48 %",couverture en très haut débit (fibre),"96,67 %",Taux de création d'entreprises,"33,3 %"
voujeaucourt-25632,Économie,Revenu médian,23 440 €,Taux de chômage,"9,41 %",couverture en très haut débit (fibre),"87,83 %",Taux de création d'entreprises,"14,6 %"
bouconville-vauclair-02102,Économie,Revenu médian,21 620 €,Taux de chômage,"9,18 %",couverture en très haut débit (fibre),"98,06 %",Taux de création d'entreprises,-
bouresches-02105,Économie,Revenu médian,23 360 €,Taux de chômage,"11,3 %",couverture en très haut débit (fibre),"99,06 %",Taux de création d'entreprises,25 %
brissy-hamegicourt-02124,Économie,Revenu médian,20 860 €,Taux de chômage,"9,09 %",couverture en très haut débit (fibre),100 %,Taux de création d'entreprises,"29,4 %"
brumetz-02125,Économie,Revenu médian,22 480 €,Taux de chômage,"3,85 %",couverture en très haut débit (fibre),100 %,Taux de création d'entreprises,"11,1 %"
brunehamel-02126,Économie,Revenu médian,16 650 €,Taux de chômage,"10,65 %",couverture en très haut débit (fibre),100 %,Taux de création d'entreprises,"3,2 %"
bucy-le-long-02131,Économie,Revenu médian,22 870 €,Taux de chômage,"9,66 %",couverture en très haut débit (fibre),100 %,Taux de création d'entreprises,"11,5 %"
caillouel-crepigny-02139,Économie,Revenu médian,22 860 €,Taux de chômage,"9,47 %",couverture en très haut débit (fibre),100 %,Taux de création d'entreprises,40 %
camelin-02140,Économie,Revenu médian,20 120 €,Taux de chômage,"9,45 %",couverture en très haut débit (fibre),100 %,Taux de création d'entreprises,"17,6 %"
cerny-en-laonnois-02150,Économie,Revenu médian,-,Taux de chômage,"7,89 %",couverture en très haut débit (fibre),"97,56 %",Taux de création d'entreprises,-
chambry-02157,Économie,Revenu médian,22 270 €,Taux de chômage,"11,23 %",couverture en très haut débit (fibre),"85,93 %",Taux de création d'entreprises,-
chaourse-02160,Économie,Revenu médian,19 220 €,Taux de chômage,"11,85 %",couverture en très haut débit (fibre),100 %,Taux de création d'entreprises,"12,5 %"
charmes-02165,Économie,Revenu médian,20 240 €,Taux de chômage,"9,79 %",couverture en très haut débit (fibre),100 %,Taux de création d'entreprises,"8,6 %"
chaudun-02172,Économie,Revenu médian,21 850 €,Taux de chômage,"9,94 %",couverture en très haut débit (fibre),100 %,Taux de création d'entreprises,"12,5 %"
chauny-02173,Économie,Revenu médian,18 210 €,Taux de chômage,"16,23 %",couverture en très haut débit (fibre),"98,4 %",Taux de création d'entreprises,14 %
chezy-en-orxois-02185,Économie,Revenu médian,22 810 €,Taux de chômage,"7,29 %",couverture en très haut débit (fibre),100 %,Taux de création d'entreprises,"28,6 %"
chivy-les-etouvelles-02191,Économie,Revenu médian,22 410 €,Taux de chômage,"7,66 %",couverture en très haut débit (fibre),"92,31 %",Taux de création d'entreprises,"13,3 %"
ciry-salsogne-02195,Économie,Revenu médian,23 340 €,Taux de chômage,"7,29 %",couverture en très haut débit (fibre),100 %,Taux de création d'entreprises,"15,6 %"
clastres-02199,Économie,Revenu médian,21 370 €,Taux de chômage,"6,49 %",couverture en très haut débit (fibre),100 %,Taux de création d'entreprises,"21,4 %"
montchalons-02501,Économie,Revenu médian,-,Taux de chômage,"6,12 %",couverture en très haut débit (fibre),"81,17 %",Taux de création d'entreprises,"33,3 %"
monthenault-02508,Économie,Revenu médian,23 140 €,Taux de chômage,"3,53 %",couverture en très haut débit (fibre),"61,54 %",Taux de création d'entreprises,"16,7 %"
montigny-l-allier-02512,Économie,Revenu médian,22 610 €,Taux de chômage,"12,69 %",couverture en très haut débit (fibre),100 %,Taux de création d'entreprises,"44,4 %"
montigny-lengrain-02514,Économie,Revenu médian,21 560 €,Taux de chômage,"10,56 %",couverture en très haut débit (fibre),"99,47 %",Taux de création d'entreprises,"12,9 %"
mont-notre-dame-02520,Économie,Revenu médian,21 860 €,Taux de chômage,"10,24 %",couverture en très haut débit (fibre),"99,46 %",Taux de création d'entreprises,"34,8 %"
mont-saint-jean-02522,Économie,Revenu médian,-,Taux de chômage,"13,95 %",couverture en très haut débit (fibre),100 %,Taux de création d'entreprises,100 %
muret-et-crouttes-02533,Économie,Revenu médian,23 840 €,Taux de chômage,4 %,couverture en très haut débit (fibre),"96,1 %",Taux de création d'entreprises,50 %
nesles-la-montagne-02540,Économie,Revenu médian,23 350 €,Taux de chômage,"7,93 %",couverture en très haut débit (fibre),100 %,Taux de création d'entreprises,"15,2 %"
neufchatel-sur-aisne-02541,Économie,Revenu médian,22 580 €,Taux de chômage,"7,41 %",couverture en très haut débit (fibre),"99,29 %",Taux de création d'entreprises,"16,7 %"
le-nouvion-en-thierache-02558,Économie,Revenu médian,18 770 €,Taux de chômage,"12,2 %",couverture en très haut débit (fibre),"98,84 %",Taux de création d'entreprises,"10,4 %"
ognes-02566,Économie,Revenu médian,22 650 €,Taux de chômage,"8,72 %",couverture en très haut débit (fibre),100 %,Taux de création d'entreprises,"6,1 %"
orainville-02572,Économie,Revenu médian,24 760 €,Taux de chômage,"4,29 %",couverture en très haut débit (fibre),100 %,Taux de création d'entreprises,-
osly-courtil-02576,Économie,Revenu médian,23 410 €,Taux de chômage,"7,93 %",couverture en très haut débit (fibre),100 %,Taux de création d'entreprises,-
pancy-courtecon-02583,Économie,Revenu médian,-,Taux de chômage,"3,03 %",couverture en très haut débit (fibre),100 %,Taux de création d'entreprises,-
papleux-02584,Économie,Revenu médian,23 460 €,Taux de chômage,"11,69 %",couverture en très haut débit (fibre),100 %,Taux de création d'entreprises,-
parcy-et-tigny-02585,Économie,Revenu médian,22 570 €,Taux de chômage,"5,55 %",couverture en très haut débit (fibre),"96,86 %",Taux de création d'entreprises,50 %
parfondru-02587,Économie,Revenu médian,21 730 €,Taux de chômage,"6,58 %",couverture en très haut débit (fibre),"96,49 %",Taux de création d'entreprises,"33,3 %"
pargny-la-dhuys-02590,Économie,Revenu médian,20 570 €,Taux de chômage,"6,73 %",couverture en très haut débit (fibre),100 %,Taux de création d'entreprises,-
pargny-les-bois-02591,Économie,Revenu médian,20 270 €,Taux de chômage,"10,39 %",couverture en très haut débit (fibre),100 %,Taux de création d'entreprises,-
parpeville-02592,Économie,Revenu médian,20 970 €,Taux de chômage,"6,09 %",couverture en très haut débit (fibre),100 %,Taux de création d'entreprises,40 %
viffort-02800,Économie,Revenu médian,21 910 €,Taux de chômage,"8,07 %",couverture en très haut débit (fibre),100 %,Taux de création d'entreprises,"12,5 %"
villeneuve-sur-fere-02806,Économie,Revenu médian,19 680 €,Taux de chômage,"8,17 %",couverture en très haut débit (fibre),100 %,Taux de création d'entreprises,25 %
villers-saint-christophe-02815,Économie,Revenu médian,22 620 €,Taux de chômage,"9,52 %",couverture en très haut débit (fibre),100 %,Taux de création d'entreprises,"18,2 %"
wimy-02833,Économie,Revenu médian,19 560 €,Taux de chômage,"8,91 %",couverture en très haut débit (fibre),"99,57 %",Taux de création d'entreprises,-
saint-firmin-05142,Économie,Revenu médian,20 150 €,Taux de chômage,"7,59 %",couverture en très haut débit (fibre),"91,22 %",Taux de création d'entreprises,"10,7 %"
bosmont-sur-serre-02101,Économie,Revenu médian,20 840 €,Taux de chômage,"4,4 %",couverture en très haut débit (fibre),100 %,Taux de création d'entreprises,-
bouffignereux-02104,Économie,Revenu médian,-,Taux de chômage,5 %,couverture en très haut débit (fibre),100 %,Taux de création d'entreprises,"28,6 %"
bourguignon-sous-coucy-02107,Économie,Revenu médian,-,Taux de chômage,"4,84 %",couverture en très haut débit (fibre),"93,62 %",Taux de création d'entreprises,"33,3 %"
brancourt-en-laonnois-02111,Économie,Revenu médian,22 420 €,Taux de chômage,"7,5 %",couverture en très haut débit (fibre),100 %,Taux de création d'entreprises,"6,2 %"
braye-en-laonnois-02115,Économie,Revenu médian,21 690 €,Taux de chômage,"6,56 %",couverture en très haut débit (fibre),100 %,Taux de création d'entreprises,100 %
brenelle-02120,Économie,Revenu médian,21 120 €,Taux de chômage,"8,62 %",couverture en très haut débit (fibre),"99,01 %",Taux de création d'entreprises,"11,1 %"
brie-02122,Économie,Revenu médian,-,Taux de chômage,"3,33 %",couverture en très haut débit (fibre),100 %,Taux de création d'entreprises,-
bruyeres-et-montberault-02128,Économie,Revenu médian,23 550 €,Taux de chômage,"7,88 %",couverture en très haut débit (fibre),"82,46 %",Taux de création d'entreprises,"9,6 %"
camelin-02140,Économie,Revenu médian,20 120 €,Taux de chômage,"9,45 %",couverture en très haut débit (fibre),100 %,Taux de création d'entreprises,"17,6 %"
castres-02142,Économie,Revenu médian,25 250 €,Taux de chômage,"5,13 %",couverture en très haut débit (fibre),100 %,Taux de création d'entreprises,"14,3 %"
chaillevois-02155,Économie,Revenu médian,24 570 €,Taux de chômage,"8,77 %",couverture en très haut débit (fibre),100 %,Taux de création d'entreprises,-
albon-d-ardeche-07006,Économie,Revenu médian,16 340 €,Taux de chômage,6 %,couverture en très haut débit (fibre),0 %,Taux de création d'entreprises,"33,3 %"
chassemy-02167,Économie,Revenu médian,22 100 €,Taux de chômage,"7,41 %",couverture en très haut débit (fibre),100 %,Taux de création d'entreprises,"11,5 %"
chateau-thierry-02168,Économie,Revenu médian,18 830 €,Taux de chômage,"16,73 %",couverture en très haut débit (fibre),"94,95 %",Taux de création d'entreprises,16 %
annonay-07010,Économie,Revenu médian,19 420 €,Taux de chômage,"11,57 %",couverture en très haut débit (fibre),"84,61 %",Taux de création d'entreprises,"12,7 %"
chatillon-les-sons-02169,Économie,Revenu médian,-,Taux de chômage,10 %,couverture en très haut débit (fibre),100 %,Taux de création d'entreprises,-
chatillon-sur-oise-02170,Économie,Revenu médian,23 950 €,Taux de chômage,"11,84 %",couverture en très haut débit (fibre),100 %,Taux de création d'entreprises,-
chery-chartreuve-02179,Économie,Revenu médian,22 150 €,Taux de chômage,"11,54 %",couverture en très haut débit (fibre),100 %,Taux de création d'entreprises,10 %
les-assions-07017,Économie,Revenu médian,22 230 €,Taux de chômage,"11,28 %",couverture en très haut débit (fibre),"0,47 %",Taux de création d'entreprises,"18,2 %"
chery-les-pouilly-02180,Économie,Revenu médian,21 760 €,Taux de chômage,"7,92 %",couverture en très haut débit (fibre),100 %,Taux de création d'entreprises,20 %
beauvene-07030,Économie,Revenu médian,18 840 €,Taux de chômage,"7,96 %",couverture en très haut débit (fibre),0 %,Taux de création d'entreprises,"13,3 %"
chigny-02188,Économie,Revenu médian,19 920 €,Taux de chômage,"6,66 %",couverture en très haut débit (fibre),100 %,Taux de création d'entreprises,50 %
cilly-02194,Économie,Revenu médian,19 670 €,Taux de chômage,"14,79 %",couverture en très haut débit (fibre),100 %,Taux de création d'entreprises,20 %
bessas-07033,Économie,Revenu médian,19 190 €,Taux de chômage,"9,2 %",couverture en très haut débit (fibre),0 %,Taux de création d'entreprises,"5,6 %"
boulieu-les-annonay-07041,Économie,Revenu médian,22 870 €,Taux de chômage,"7,03 %",couverture en très haut débit (fibre),"82,74 %",Taux de création d'entreprises,"8,1 %"
freyssenet-07092,Économie,Revenu médian,-,Taux de chômage,"10,36 %",couverture en très haut débit (fibre),0 %,Taux de création d'entreprises,-
gravieres-07100,Économie,Revenu médian,20 170 €,Taux de chômage,"12,45 %",couverture en très haut débit (fibre),0 %,Taux de création d'entreprises,"11,4 %"
laurac-en-vivarais-07134,Économie,Revenu médian,20 530 €,Taux de chômage,"14,48 %",couverture en très haut débit (fibre),0 %,Taux de création d'entreprises,"10,7 %"
malarce-sur-la-thines-07147,Économie,Revenu médian,14 150 €,Taux de chômage,"18,88 %",couverture en très haut débit (fibre),0 %,Taux de création d'entreprises,20 %
marcols-les-eaux-07149,Économie,Revenu médian,20 300 €,Taux de chômage,"4,24 %",couverture en très haut débit (fibre),0 %,Taux de création d'entreprises,"11,1 %"
montreal-07162,Économie,Revenu médian,21 540 €,Taux de chômage,"8,22 %",couverture en très haut débit (fibre),0 %,Taux de création d'entreprises,"9,3 %"
belsentes-07165,Économie,Revenu médian,19 200 €,Taux de chômage,"10,12 %",couverture en très haut débit (fibre),"17,57 %",Taux de création d'entreprises,"10,3 %"
prunet-07187,Économie,Revenu médian,19 510 €,Taux de chômage,"9,52 %",couverture en très haut débit (fibre),0 %,Taux de création d'entreprises,"5,6 %"
rocher-07193,Économie,Revenu médian,20 600 €,Taux de chômage,"13,14 %",couverture en très haut débit (fibre),0 %,Taux de création d'entreprises,"18,2 %"
saint-alban-auriolles-07207,Économie,Revenu médian,21 480 €,Taux de chômage,"12,89 %",couverture en très haut débit (fibre),"97,42 %",Taux de création d'entreprises,"15,5 %"
saint-alban-auriolles-07207,Économie,Revenu médian,21 480 €,Taux de chômage,"12,89 %",couverture en très haut débit (fibre),"97,42 %",Taux de création d'entreprises,"15,5 %"
saint-etienne-de-serre-07233,Économie,Revenu médian,16 990 €,Taux de chômage,"7,16 %",couverture en très haut débit (fibre),0 %,Taux de création d'entreprises,"7,1 %"
saint-genest-lachamp-07239,Économie,Revenu médian,18 120 €,Taux de chômage,"11,67 %",couverture en très haut débit (fibre),0 %,Taux de création d'entreprises,-
saint-maurice-en-chalencon-07274,Économie,Revenu médian,19 920 €,Taux de chômage,"8,41 %",couverture en très haut débit (fibre),0 %,Taux de création d'entreprises,"33,3 %"
saint-peray-07281,Économie,Revenu médian,25 040 €,Taux de chômage,"6,73 %",couverture en très haut débit (fibre),"3,19 %",Taux de création d'entreprises,"10,6 %"
saint-romain-de-lerps-07293,Économie,Revenu médian,22 660 €,Taux de chômage,"6,28 %",couverture en très haut débit (fibre),0 %,Taux de création d'entreprises,"22,9 %"
sampzon-07306,Économie,Revenu médian,20 870 €,Taux de chômage,"5,21 %",couverture en très haut débit (fibre),"94,76 %",Taux de création d'entreprises,"21,7 %"
sanilhac-07307,Économie,Revenu médian,20 100 €,Taux de chômage,"15,72 %",couverture en très haut débit (fibre),0 %,Taux de création d'entreprises,"10,8 %"
soyons-07316,Économie,Revenu médian,25 970 €,Taux de chômage,"6,31 %",couverture en très haut débit (fibre),"93,87 %",Taux de création d'entreprises,"17,4 %"
montbrehain-02500,Économie,Revenu médian,19 000 €,Taux de chômage,"11,42 %",couverture en très haut débit (fibre),100 %,Taux de création d'entreprises,"14,3 %"
montescourt-lizerolles-02504,Économie,Revenu médian,20 440 €,Taux de chômage,"12,27 %",couverture en très haut débit (fibre),100 %,Taux de création d'entreprises,"7,3 %"
vallon-pont-d-arc-07330,Économie,Revenu médian,20 430 €,Taux de chômage,"20,42 %",couverture en très haut débit (fibre),"0,3 %",Taux de création d'entreprises,"13,5 %"
montigny-les-conde-02515,Économie,Revenu médian,-,Taux de chômage,"3,11 %",couverture en très haut débit (fibre),100 %,Taux de création d'entreprises,100 %
les-vans-07334,Économie,Revenu médian,19 400 €,Taux de chômage,"16,17 %",couverture en très haut débit (fibre),0 %,Taux de création d'entreprises,"11,7 %"
montigny-sous-marle-02516,Économie,Revenu médian,-,Taux de chômage,"14,71 %",couverture en très haut débit (fibre),100 %,Taux de création d'entreprises,-
montloue-02519,Économie,Revenu médian,16 300 €,Taux de chômage,"16,66 %",couverture en très haut débit (fibre),100 %,Taux de création d'entreprises,-
mont-saint-pere-02524,Économie,Revenu médian,23 140 €,Taux de chômage,"8,7 %",couverture en très haut débit (fibre),"99,42 %",Taux de création d'entreprises,"12,5 %"
villeneuve-de-berg-07341,Économie,Revenu médian,21 480 €,Taux de chômage,"9,62 %",couverture en très haut débit (fibre),0 %,Taux de création d'entreprises,"10,5 %"
mortefontaine-02528,Économie,Revenu médian,23 800 €,Taux de chômage,"10,11 %",couverture en très haut débit (fibre),100 %,Taux de création d'entreprises,"18,2 %"
nampteuil-sous-muret-02536,Économie,Revenu médian,-,Taux de chômage,"5,66 %",couverture en très haut débit (fibre),"99,17 %",Taux de création d'entreprises,200 %
neuflieux-02542,Économie,Revenu médian,-,Taux de chômage,"5,78 %",couverture en très haut débit (fibre),"98,89 %",Taux de création d'entreprises,-
neuilly-saint-front-02543,Économie,Revenu médian,20 380 €,Taux de chômage,"12,1 %",couverture en très haut débit (fibre),"98,48 %",Taux de création d'entreprises,"8,3 %"
nizy-le-comte-02553,Économie,Revenu médian,20 060 €,Taux de chômage,"12,52 %",couverture en très haut débit (fibre),100 %,Taux de création d'entreprises,"18,2 %"
noroy-sur-ourcq-02557,Économie,Revenu médian,22 220 €,Taux de chômage,"9,2 %",couverture en très haut débit (fibre),100 %,Taux de création d'entreprises,-
nouvion-et-catillon-02559,Économie,Revenu médian,19 000 €,Taux de chômage,"13,36 %",couverture en très haut débit (fibre),"99,66 %",Taux de création d'entreprises,"7,7 %"
ohis-02567,Économie,Revenu médian,18 430 €,Taux de chômage,"8,46 %",couverture en très haut débit (fibre),100 %,Taux de création d'entreprises,25 %
passy-sur-marne-02595,Économie,Revenu médian,26 460 €,Taux de chômage,"4,4 %",couverture en très haut débit (fibre),100 %,Taux de création d'entreprises,-
pernant-02598,Économie,Revenu médian,24 010 €,Taux de chômage,"7,69 %",couverture en très haut débit (fibre),100 %,Taux de création d'entreprises,"12,1 %"
villers-agron-aiguizy-02809,Économie,Revenu médian,-,Taux de chômage,"4,45 %",couverture en très haut débit (fibre),100 %,Taux de création d'entreprises,-
wiege-faty-02832,Économie,Revenu médian,20 410 €,Taux de chômage,"12,97 %",couverture en très haut débit (fibre),"96,52 %",Taux de création d'entreprises,-
aigues-vives-09002,Économie,Revenu médian,21 100 €,Taux de chômage,"6,93 %",couverture en très haut débit (fibre),"98,37 %",Taux de création d'entreprises,"21,9 %"
albies-09004,Économie,Revenu médian,23 170 €,Taux de chômage,"3,13 %",couverture en très haut débit (fibre),0 %,Taux de création d'entreprises,"28,6 %"
alzen-09009,Économie,Revenu médian,14 440 €,Taux de chômage,"17,59 %",couverture en très haut débit (fibre),"92,19 %",Taux de création d'entreprises,"12,5 %"
antras-09011,Économie,Revenu médian,-,Taux de chômage,"25,58 %",couverture en très haut débit (fibre),0 %,Taux de création d'entreprises,50 %
appy-09012,Économie,Revenu médian,-,Taux de chômage,"15,38 %",couverture en très haut débit (fibre),0 %,Taux de création d'entreprises,-
arnave-09016,Économie,Revenu médian,21 430 €,Taux de chômage,"5,55 %",couverture en très haut débit (fibre),"94,77 %",Taux de création d'entreprises,"36,4 %"
arrien-en-bethmale-09017,Économie,Revenu médian,21 290 €,Taux de chômage,"9,37 %",couverture en très haut débit (fibre),0 %,Taux de création d'entreprises,"11,1 %"
aston-09024,Économie,Revenu médian,21 180 €,Taux de chômage,"8,88 %",couverture en très haut débit (fibre),0 %,Taux de création d'entreprises,"45,5 %"
barjac-09037,Économie,Revenu médian,-,Taux de chômage,"4,17 %",couverture en très haut débit (fibre),0 %,Taux de création d'entreprises,-
benagues-09050,Économie,Revenu médian,23 370 €,Taux de chômage,"7,93 %",couverture en très haut débit (fibre),"92,51 %",Taux de création d'entreprises,25 %
besset-09052,Économie,Revenu médian,24 640 €,Taux de chômage,"10,31 %",couverture en très haut débit (fibre),0 %,Taux de création d'entreprises,"16,7 %"
bestiac-09053,Économie,Revenu médian,-,Taux de chômage,-,couverture en très haut débit (fibre),0 %,Taux de création d'entreprises,100 %
betchat-09054,Économie,Revenu médian,20 930 €,Taux de chômage,"8,53 %",couverture en très haut débit (fibre),0 %,Taux de création d'entreprises,-
bezac-09056,Économie,Revenu médian,23 130 €,Taux de chômage,"8,33 %",couverture en très haut débit (fibre),"92,46 %",Taux de création d'entreprises,"4,5 %"
bonac-irazein-09059,Économie,Revenu médian,17 480 €,Taux de chômage,10 %,couverture en très haut débit (fibre),0 %,Taux de création d'entreprises,"8,3 %"
bouan-09064,Économie,Revenu médian,-,Taux de chômage,"15,99 %",couverture en très haut débit (fibre),0 %,Taux de création d'entreprises,"33,3 %"
boussenac-09065,Économie,Revenu médian,16 180 €,Taux de chômage,"13,82 %",couverture en très haut débit (fibre),0 %,Taux de création d'entreprises,"7,1 %"
burret-09068,Économie,Revenu médian,-,Taux de chômage,"12,12 %",couverture en très haut débit (fibre),"92,59 %",Taux de création d'entreprises,25 %
calzan-09072,Économie,Revenu médian,-,Taux de chômage,"11,77 %",couverture en très haut débit (fibre),100 %,Taux de création d'entreprises,-
carla-de-roquefort-09080,Économie,Revenu médian,21 660 €,Taux de chômage,"12,5 %",couverture en très haut débit (fibre),"96,79 %",Taux de création d'entreprises,"7,1 %"
castelnau-durban-09082,Économie,Revenu médian,18 870 €,Taux de chômage,"13,95 %",couverture en très haut débit (fibre),"99,25 %",Taux de création d'entreprises,"30,8 %"
casteras-09083,Économie,Revenu médian,-,Taux de chômage,"8,38 %",couverture en très haut débit (fibre),"98,21 %",Taux de création d'entreprises,-
castex-09084,Économie,Revenu médian,-,Taux de chômage,"13,21 %",couverture en très haut débit (fibre),0 %,Taux de création d'entreprises,-
cazaux-09090,Économie,Revenu médian,-,Taux de chômage,"8,7 %",couverture en très haut débit (fibre),100 %,Taux de création d'entreprises,-
saint-maurice-en-valgodemard-05152,Économie,Revenu médian,17 980 €,Taux de chômage,"9,61 %",couverture en très haut débit (fibre),"84,78 %",Taux de création d'entreprises,"12,5 %"
chassiers-07058,Économie,Revenu médian,21 770 €,Taux de chômage,"8,17 %",couverture en très haut débit (fibre),0 %,Taux de création d'entreprises,"19,6 %"
chazeaux-07062,Économie,Revenu médian,18 400 €,Taux de chômage,"5,27 %",couverture en très haut débit (fibre),0 %,Taux de création d'entreprises,"11,1 %"
cornas-07070,Économie,Revenu médian,23 590 €,Taux de chômage,"6,55 %",couverture en très haut débit (fibre),0 %,Taux de création d'entreprises,"21,2 %"
coux-07072,Économie,Revenu médian,24 450 €,Taux de chômage,"6,33 %",couverture en très haut débit (fibre),"96,13 %",Taux de création d'entreprises,"28,2 %"
darbres-07077,Économie,Revenu médian,18 920 €,Taux de chômage,"8,87 %",couverture en très haut débit (fibre),0 %,Taux de création d'entreprises,"17,6 %"
dornas-07082,Économie,Revenu médian,20 750 €,Taux de chômage,"10,26 %",couverture en très haut débit (fibre),0 %,Taux de création d'entreprises,"11,1 %"
largentiere-07132,Économie,Revenu médian,18 020 €,Taux de chômage,"18,17 %",couverture en très haut débit (fibre),0 %,Taux de création d'entreprises,"15,5 %"
mariac-07150,Économie,Revenu médian,22 410 €,Taux de chômage,"4,88 %",couverture en très haut débit (fibre),"99,33 %",Taux de création d'entreprises,"18,2 %"
montselgues-07163,Économie,Revenu médian,-,Taux de chômage,"13,19 %",couverture en très haut débit (fibre),0 %,Taux de création d'entreprises,"12,5 %"
privas-07186,Économie,Revenu médian,20 340 €,Taux de chômage,"11,1 %",couverture en très haut débit (fibre),"75,73 %",Taux de création d'entreprises,"11,1 %"
rocles-07196,Économie,Revenu médian,17 580 €,Taux de chômage,"13,38 %",couverture en très haut débit (fibre),0 %,Taux de création d'entreprises,"52,4 %"
saint-cierge-sous-le-cheylard-07222,Économie,Revenu médian,24 810 €,Taux de chômage,"7,38 %",couverture en très haut débit (fibre),"95,42 %",Taux de création d'entreprises,20 %
saint-marcel-les-annonay-07265,Économie,Revenu médian,22 610 €,Taux de chômage,"6,1 %",couverture en très haut débit (fibre),"12,55 %",Taux de création d'entreprises,"7,7 %"
saint-pierre-saint-jean-07284,Économie,Revenu médian,18 290 €,Taux de chômage,"8,08 %",couverture en très haut débit (fibre),0 %,Taux de création d'entreprises,"11,8 %"
saint-pierreville-07286,Économie,Revenu médian,20 530 €,Taux de chômage,"13,94 %",couverture en très haut débit (fibre),0 %,Taux de création d'entreprises,"11,5 %"
les-vans-07334,Économie,Revenu médian,19 400 €,Taux de chômage,"16,17 %",couverture en très haut débit (fibre),0 %,Taux de création d'entreprises,"11,7 %"
alieze-39007,Économie,Revenu médian,21 810 €,Taux de chômage,"4,76 %",couverture en très haut débit (fibre),0 %,Taux de création d'entreprises,-
arinthod-39016,Économie,Revenu médian,20 350 €,Taux de chômage,"6,5 %",couverture en très haut débit (fibre),"89,98 %",Taux de création d'entreprises,"11,6 %"
arlay-39017,Économie,Revenu médian,23 790 €,Taux de chômage,"5,23 %",couverture en très haut débit (fibre),0 %,Taux de création d'entreprises,"9,6 %"
la-chailleuse-39021,Économie,Revenu médian,23 700 €,Taux de chômage,"6,39 %",couverture en très haut débit (fibre),0 %,Taux de création d'entreprises,"6,2 %"
aumont-39028,Économie,Revenu médian,21 670 €,Taux de chômage,"5,88 %",couverture en très haut débit (fibre),"82,07 %",Taux de création d'entreprises,"10,5 %"
auxange-39031,Économie,Revenu médian,22 830 €,Taux de chômage,"6,84 %",couverture en très haut débit (fibre),0 %,Taux de création d'entreprises,"22,2 %"
avignon-les-saint-claude-39032,Économie,Revenu médian,28 450 €,Taux de chômage,"5,07 %",couverture en très haut débit (fibre),"99,46 %",Taux de création d'entreprises,"36,4 %"
bans-39037,Économie,Revenu médian,22 850 €,Taux de chômage,"5,04 %",couverture en très haut débit (fibre),0 %,Taux de création d'entreprises,"8,8 %"
baverans-39042,Économie,Revenu médian,26 680 €,Taux de chômage,"4,97 %",couverture en très haut débit (fibre),0 %,Taux de création d'entreprises,"21,7 %"
beaufort-orbagna-39043,Économie,Revenu médian,21 410 €,Taux de chômage,"6,8 %",couverture en très haut débit (fibre),0 %,Taux de création d'entreprises,"7,6 %"
bellefontaine-39047,Économie,Revenu médian,27 600 €,Taux de chômage,"4,97 %",couverture en très haut débit (fibre),"0,7 %",Taux de création d'entreprises,"5,9 %"
belmont-39048,Économie,Revenu médian,23 360 €,Taux de chômage,"5,37 %",couverture en très haut débit (fibre),0 %,Taux de création d'entreprises,"30,8 %"
bersaillin-39049,Économie,Revenu médian,22 110 €,Taux de chômage,"5,86 %",couverture en très haut débit (fibre),0 %,Taux de création d'entreprises,16 %
bracon-39072,Économie,Revenu médian,23 320 €,Taux de chômage,"5,33 %",couverture en très haut débit (fibre),"50,82 %",Taux de création d'entreprises,-
buvilly-39081,Économie,Revenu médian,23 080 €,Taux de chômage,"3,1 %",couverture en très haut débit (fibre),"88,18 %",Taux de création d'entreprises,20 %
cernon-39086,Économie,Revenu médian,23 310 €,Taux de chômage,"7,14 %",couverture en très haut débit (fibre),0 %,Taux de création d'entreprises,"6,2 %"
les-chalesmes-39091,Économie,Revenu médian,-,Taux de chômage,"7,27 %",couverture en très haut débit (fibre),0 %,Taux de création d'entreprises,100 %
charency-39108,Économie,Revenu médian,-,Taux de chômage,"2,5 %",couverture en très haut débit (fibre),0 %,Taux de création d'entreprises,-
charezier-39109,Économie,Revenu médian,22 390 €,Taux de chômage,"2,94 %",couverture en très haut débit (fibre),100 %,Taux de création d'entreprises,-
chateau-chalon-39114,Économie,Revenu médian,22 900 €,Taux de chômage,"13,75 %",couverture en très haut débit (fibre),0 %,Taux de création d'entreprises,-
le-chateley-39119,Économie,Revenu médian,-,Taux de chômage,"16,33 %",couverture en très haut débit (fibre),0 %,Taux de création d'entreprises,-
chatillon-39122,Économie,Revenu médian,21 290 €,Taux de chômage,"4,99 %",couverture en très haut débit (fibre),0 %,Taux de création d'entreprises,20 %
nanchez-39130,Économie,Revenu médian,24 550 €,Taux de chômage,"6,54 %",couverture en très haut débit (fibre),0 %,Taux de création d'entreprises,"10,7 %"
chaux-champagny-39133,Économie,Revenu médian,-,Taux de chômage,"2,5 %",couverture en très haut débit (fibre),"4,26 %",Taux de création d'entreprises,50 %
chille-39145,Économie,Revenu médian,30 230 €,Taux de chômage,"2,93 %",couverture en très haut débit (fibre),"94,67 %",Taux de création d'entreprises,"6,7 %"
chilly-sur-salins-39147,Économie,Revenu médian,-,Taux de chômage,-,couverture en très haut débit (fibre),"82,26 %",Taux de création d'entreprises,-
chissey-sur-loue-39149,Économie,Revenu médian,21 540 €,Taux de chômage,"4,12 %",couverture en très haut débit (fibre),0 %,Taux de création d'entreprises,-
commenailles-39160,Économie,Revenu médian,20 690 €,Taux de chômage,"7,41 %",couverture en très haut débit (fibre),0 %,Taux de création d'entreprises,"15,8 %"
courlans-39170,Économie,Revenu médian,22 040 €,Taux de chômage,"6,46 %",couverture en très haut débit (fibre),"70,71 %",Taux de création d'entreprises,"8,8 %"
courlaoux-39171,Économie,Revenu médian,23 200 €,Taux de chômage,"6,08 %",couverture en très haut débit (fibre),"90,39 %",Taux de création d'entreprises,"16,8 %"
courtefontaine-39172,Économie,Revenu médian,23 700 €,Taux de chômage,"7,22 %",couverture en très haut débit (fibre),0 %,Taux de création d'entreprises,50 %
coyron-39175,Économie,Revenu médian,-,Taux de chômage,"4,26 %",couverture en très haut débit (fibre),0 %,Taux de création d'entreprises,50 %
hauteroche-39177,Économie,Revenu médian,23 960 €,Taux de chômage,"4,57 %",couverture en très haut débit (fibre),0 %,Taux de création d'entreprises,"13,8 %"
crenans-39179,Économie,Revenu médian,25 370 €,Taux de chômage,"5,92 %",couverture en très haut débit (fibre),"91,16 %",Taux de création d'entreprises,-
crissey-39182,Économie,Revenu médian,25 480 €,Taux de chômage,"5,88 %",couverture en très haut débit (fibre),"91,42 %",Taux de création d'entreprises,"22,7 %"
dampierre-39190,Économie,Revenu médian,22 860 €,Taux de chômage,"6,43 %",couverture en très haut débit (fibre),0 %,Taux de création d'entreprises,"26,5 %"
denezieres-39192,Économie,Revenu médian,-,Taux de chômage,10 %,couverture en très haut débit (fibre),0 %,Taux de création d'entreprises,-
le-deschaux-39193,Économie,Revenu médian,21 240 €,Taux de chômage,"5,35 %",couverture en très haut débit (fibre),0 %,Taux de création d'entreprises,"19,1 %"
les-deux-fays-39196,Économie,Revenu médian,18 110 €,Taux de chômage,"3,71 %",couverture en très haut débit (fibre),0 %,Taux de création d'entreprises,-
digna-39197,Économie,Revenu médian,22 520 €,Taux de chômage,"3,59 %",couverture en très haut débit (fibre),"1,58 %",Taux de création d'entreprises,-
dole-39198,Économie,Revenu médian,20 590 €,Taux de chômage,"10,14 %",couverture en très haut débit (fibre),"72,6 %",Taux de création d'entreprises,"13,2 %"
dompierre-sur-mont-39200,Économie,Revenu médian,24 660 €,Taux de chômage,"5,8 %",couverture en très haut débit (fibre),0 %,Taux de création d'entreprises,-
dramelay-39204,Économie,Revenu médian,-,Taux de chômage,"4,55 %",couverture en très haut débit (fibre),"58,06 %",Taux de création d'entreprises,50 %
val-d-epy-39209,Économie,Revenu médian,20 220 €,Taux de chômage,"6,42 %",couverture en très haut débit (fibre),"61,76 %",Taux de création d'entreprises,"12,5 %"
val-d-epy-39209,Économie,Revenu médian,20 220 €,Taux de chômage,"6,42 %",couverture en très haut débit (fibre),"61,76 %",Taux de création d'entreprises,"12,5 %"
equevillon-39210,Économie,Revenu médian,24 950 €,Taux de chômage,"9,08 %",couverture en très haut débit (fibre),"78,01 %",Taux de création d'entreprises,"7,1 %"
alos-09008,Économie,Revenu médian,16 070 €,Taux de chômage,"16,67 %",couverture en très haut débit (fibre),"84,95 %",Taux de création d'entreprises,"33,3 %"
etival-39216,Économie,Revenu médian,20 600 €,Taux de chômage,"10,74 %",couverture en très haut débit (fibre),0 %,Taux de création d'entreprises,"15,8 %"
arignac-09015,Économie,Revenu médian,21 830 €,Taux de chômage,"6,42 %",couverture en très haut débit (fibre),"68,25 %",Taux de création d'entreprises,"22,7 %"
francheville-39236,Économie,Revenu médian,-,Taux de chômage,-,couverture en très haut débit (fibre),0 %,Taux de création d'entreprises,-
artigues-09020,Économie,Revenu médian,-,Taux de chômage,"7,69 %",couverture en très haut débit (fibre),0 %,Taux de création d'entreprises,50 %
le-frasnois-39240,Économie,Revenu médian,24 630 €,Taux de chômage,"5,61 %",couverture en très haut débit (fibre),0 %,Taux de création d'entreprises,10 %
aulus-les-bains-09029,Économie,Revenu médian,21 290 €,Taux de chômage,"10,68 %",couverture en très haut débit (fibre),0 %,Taux de création d'entreprises,-
geraise-39248,Économie,Revenu médian,-,Taux de chômage,-,couverture en très haut débit (fibre),0 %,Taux de création d'entreprises,-
balacet-09034,Économie,Revenu médian,-,Taux de chômage,"23,81 %",couverture en très haut débit (fibre),0 %,Taux de création d'entreprises,-
germigney-39249,Économie,Revenu médian,-,Taux de chômage,-,couverture en très haut débit (fibre),0 %,Taux de création d'entreprises,-
la-bastide-de-bousignac-09039,Économie,Revenu médian,20 570 €,Taux de chômage,"8,54 %",couverture en très haut débit (fibre),"92,58 %",Taux de création d'entreprises,"21,4 %"
gevingey-39251,Économie,Revenu médian,21 990 €,Taux de chômage,"4,28 %",couverture en très haut débit (fibre),0 %,Taux de création d'entreprises,"15,6 %"
la-bastide-de-serou-09042,Économie,Revenu médian,18 560 €,Taux de chômage,"15,57 %",couverture en très haut débit (fibre),"98,74 %",Taux de création d'entreprises,"19,8 %"
grande-riviere-chateau-39258,Économie,Revenu médian,25 830 €,Taux de chômage,"6,01 %",couverture en très haut débit (fibre),0 %,Taux de création d'entreprises,25 %
la-bastide-sur-l-hers-09043,Économie,Revenu médian,19 040 €,Taux de chômage,"13,54 %",couverture en très haut débit (fibre),"93,45 %",Taux de création d'entreprises,"9,5 %"
graye-et-charnay-39261,Économie,Revenu médian,21 420 €,Taux de chômage,"1,25 %",couverture en très haut débit (fibre),0 %,Taux de création d'entreprises,25 %
belloc-09048,Économie,Revenu médian,-,Taux de chômage,"23,41 %",couverture en très haut débit (fibre),"93,22 %",Taux de création d'entreprises,"28,6 %"
ivrey-39268,Économie,Revenu médian,-,Taux de chômage,"2,39 %",couverture en très haut débit (fibre),0 %,Taux de création d'entreprises,-
benaix-09051,Économie,Revenu médian,20 300 €,Taux de chômage,"13,09 %",couverture en très haut débit (fibre),100 %,Taux de création d'entreprises,"8,3 %"
ladoye-sur-seille-39272,Économie,Revenu médian,-,Taux de chômage,"3,02 %",couverture en très haut débit (fibre),0 %,Taux de création d'entreprises,-
bethmale-09055,Économie,Revenu médian,18 560 €,Taux de chômage,14 %,couverture en très haut débit (fibre),0 %,Taux de création d'entreprises,50 %
bordes-uchentein-09062,Économie,Revenu médian,17 660 €,Taux de chômage,"18,1 %",couverture en très haut débit (fibre),0 %,Taux de création d'entreprises,20 %
larnaud-39279,Économie,Revenu médian,22 800 €,Taux de chômage,"5,47 %",couverture en très haut débit (fibre),0 %,Taux de création d'entreprises,"11,6 %"
brie-09067,Économie,Revenu médian,21 780 €,Taux de chômage,"9,38 %",couverture en très haut débit (fibre),"99,11 %",Taux de création d'entreprises,"7,7 %"
la-latette-39282,Économie,Revenu médian,-,Taux de chômage,"5,76 %",couverture en très haut débit (fibre),0 %,Taux de création d'entreprises,-
camarade-09073,Économie,Revenu médian,18 550 €,Taux de chômage,"10,53 %",couverture en très haut débit (fibre),"91,38 %",Taux de création d'entreprises,50 %
lavans-les-saint-claude-39286,Économie,Revenu médian,22 030 €,Taux de chômage,"7,39 %",couverture en très haut débit (fibre),"14,02 %",Taux de création d'entreprises,"19,8 %"
camon-09074,Économie,Revenu médian,17 760 €,Taux de chômage,"8,7 %",couverture en très haut débit (fibre),"80,16 %",Taux de création d'entreprises,"13,3 %"
lavans-les-saint-claude-39286,Économie,Revenu médian,22 030 €,Taux de chômage,"7,39 %",couverture en très haut débit (fibre),"14,02 %",Taux de création d'entreprises,"19,8 %"
carcanieres-09078,Économie,Revenu médian,-,Taux de chômage,"2,51 %",couverture en très haut débit (fibre),0 %,Taux de création d'entreprises,-
lavans-les-saint-claude-39286,Économie,Revenu médian,22 030 €,Taux de chômage,"7,39 %",couverture en très haut débit (fibre),"14,02 %",Taux de création d'entreprises,"19,8 %"
cazals-des-bayles-09089,Économie,Revenu médian,-,Taux de chômage,"11,76 %",couverture en très haut débit (fibre),"95,83 %",Taux de création d'entreprises,-
lavigny-39288,Économie,Revenu médian,23 550 €,Taux de chômage,"4,44 %",couverture en très haut débit (fibre),0 %,Taux de création d'entreprises,"26,7 %"
cerizols-09094,Économie,Revenu médian,20 560 €,Taux de chômage,"5,33 %",couverture en très haut débit (fibre),0 %,Taux de création d'entreprises,-
lavigny-39288,Économie,Revenu médian,23 550 €,Taux de chômage,"4,44 %",couverture en très haut débit (fibre),0 %,Taux de création d'entreprises,"26,7 %"
chateau-verdun-09096,Économie,Revenu médian,-,Taux de chômage,"10,02 %",couverture en très haut débit (fibre),0 %,Taux de création d'entreprises,-
lect-39289,Économie,Revenu médian,20 370 €,Taux de chômage,"5,96 %",couverture en très haut débit (fibre),0 %,Taux de création d'entreprises,"14,3 %"
lemuy-39291,Économie,Revenu médian,22 030 €,Taux de chômage,"7,7 %",couverture en très haut débit (fibre),0 %,Taux de création d'entreprises,"11,1 %"
lent-39292,Économie,Revenu médian,23 040 €,Taux de chômage,"2,38 %",couverture en très haut débit (fibre),"41,46 %",Taux de création d'entreprises,-
longcochon-39298,Économie,Revenu médian,-,Taux de chômage,"12,9 %",couverture en très haut débit (fibre),0 %,Taux de création d'entreprises,-
la-loye-39305,Économie,Revenu médian,23 230 €,Taux de chômage,"5,95 %",couverture en très haut débit (fibre),0 %,Taux de création d'entreprises,"11,8 %"
marnezia-39314,Économie,Revenu médian,-,Taux de chômage,-,couverture en très haut débit (fibre),"87,44 %",Taux de création d'entreprises,-
mesnay-39325,Économie,Revenu médian,23 260 €,Taux de chômage,"6,71 %",couverture en très haut débit (fibre),"54,74 %",Taux de création d'entreprises,"27,3 %"
mignovillard-39331,Économie,Revenu médian,25 900 €,Taux de chômage,"4,7 %",couverture en très haut débit (fibre),0 %,Taux de création d'entreprises,"8,7 %"
mignovillard-39331,Économie,Revenu médian,25 900 €,Taux de chômage,"4,7 %",couverture en très haut débit (fibre),0 %,Taux de création d'entreprises,"8,7 %"
molain-39336,Économie,Revenu médian,24 810 €,Taux de chômage,"4,35 %",couverture en très haut débit (fibre),0 %,Taux de création d'entreprises,-
molay-39338,Économie,Revenu médian,22 200 €,Taux de chômage,"3,43 %",couverture en très haut débit (fibre),"98,51 %",Taux de création d'entreprises,"16,7 %"
monay-39342,Économie,Revenu médian,21 560 €,Taux de chômage,"7,25 %",couverture en très haut débit (fibre),0 %,Taux de création d'entreprises,-
monnieres-39345,Économie,Revenu médian,25 480 €,Taux de chômage,"7,42 %",couverture en très haut débit (fibre),"97,98 %",Taux de création d'entreprises,10 %
montholier-39354,Économie,Revenu médian,23 750 €,Taux de chômage,"6,01 %",couverture en très haut débit (fibre),"63,16 %",Taux de création d'entreprises,"22,2 %"
montigny-les-arsures-39355,Économie,Revenu médian,25 200 €,Taux de chômage,5 %,couverture en très haut débit (fibre),0 %,Taux de création d'entreprises,"28,6 %"
montigny-sur-l-ain-39356,Économie,Revenu médian,22 740 €,Taux de chômage,"6,77 %",couverture en très haut débit (fibre),0 %,Taux de création d'entreprises,"18,2 %"
montmirey-la-ville-39360,Économie,Revenu médian,23 990 €,Taux de chômage,"5,41 %",couverture en très haut débit (fibre),80 %,Taux de création d'entreprises,40 %
montmirey-le-chateau-39361,Économie,Revenu médian,20 980 €,Taux de chômage,"4,65 %",couverture en très haut débit (fibre),"82,52 %",Taux de création d'entreprises,"16,7 %"
montrond-39364,Économie,Revenu médian,21 440 €,Taux de chômage,"6,81 %",couverture en très haut débit (fibre),"15,55 %",Taux de création d'entreprises,"4,7 %"
morbier-39367,Économie,Revenu médian,29 890 €,Taux de chômage,"8,38 %",couverture en très haut débit (fibre),"28,53 %",Taux de création d'entreprises,"6,3 %"
mournans-charbonny-39372,Économie,Revenu médian,-,Taux de chômage,-,couverture en très haut débit (fibre),0 %,Taux de création d'entreprises,-
les-moussieres-39373,Économie,Revenu médian,21 780 €,Taux de chômage,"7,69 %",couverture en très haut débit (fibre),0 %,Taux de création d'entreprises,"5,6 %"
moutoux-39376,Économie,Revenu médian,-,Taux de chômage,"8,16 %",couverture en très haut débit (fibre),"90,91 %",Taux de création d'entreprises,-
les-trois-chateaux-39378,Économie,Revenu médian,23 320 €,Taux de chômage,"4,88 %",couverture en très haut débit (fibre),0 %,Taux de création d'entreprises,"28,6 %"
nancuise-39380,Économie,Revenu médian,-,Taux de chômage,-,couverture en très haut débit (fibre),0 %,Taux de création d'entreprises,-
les-nans-39381,Économie,Revenu médian,-,Taux de chômage,"6,13 %",couverture en très haut débit (fibre),"68,12 %",Taux de création d'entreprises,-
nevy-les-dole-39387,Économie,Revenu médian,21 530 €,Taux de chômage,"10,77 %",couverture en très haut débit (fibre),0 %,Taux de création d'entreprises,"33,3 %"
nevy-sur-seille-39388,Économie,Revenu médian,22 730 €,Taux de chômage,"13,51 %",couverture en très haut débit (fibre),0 %,Taux de création d'entreprises,"6,7 %"
offlanges-39392,Économie,Revenu médian,22 560 €,Taux de chômage,"6,93 %",couverture en très haut débit (fibre),"90,8 %",Taux de création d'entreprises,"14,3 %"
onoz-39394,Économie,Revenu médian,-,Taux de chômage,"9,09 %",couverture en très haut débit (fibre),0 %,Taux de création d'entreprises,-
orgelet-39397,Économie,Revenu médian,21 960 €,Taux de chômage,"7,5 %",couverture en très haut débit (fibre),0 %,Taux de création d'entreprises,"8,2 %"
pagney-39402,Économie,Revenu médian,21 510 €,Taux de chômage,"5,23 %",couverture en très haut débit (fibre),0 %,Taux de création d'entreprises,"8,6 %"
passenans-39407,Économie,Revenu médian,23 830 €,Taux de chômage,"5,66 %",couverture en très haut débit (fibre),0 %,Taux de création d'entreprises,"6,5 %"
peseux-39412,Économie,Revenu médian,22 600 €,Taux de chômage,"5,81 %",couverture en très haut débit (fibre),"47,27 %",Taux de création d'entreprises,-
picarreau-39418,Économie,Revenu médian,-,Taux de chômage,"7,14 %",couverture en très haut débit (fibre),0 %,Taux de création d'entreprises,-
plasne-39426,Économie,Revenu médian,22 240 €,Taux de chômage,"3,12 %",couverture en très haut débit (fibre),"66,44 %",Taux de création d'entreprises,-
poids-de-fiole-39431,Économie,Revenu médian,21 930 €,Taux de chômage,"6,19 %",couverture en très haut débit (fibre),"99,4 %",Taux de création d'entreprises,30 %
poligny-39434,Économie,Revenu médian,21 110 €,Taux de chômage,"7,91 %",couverture en très haut débit (fibre),"41,09 %",Taux de création d'entreprises,"7,5 %"
pont-du-navoy-39437,Économie,Revenu médian,20 910 €,Taux de chômage,"7,77 %",couverture en très haut débit (fibre),0 %,Taux de création d'entreprises,"29,4 %"
rahon-39448,Économie,Revenu médian,22 830 €,Taux de chômage,"6,41 %",couverture en très haut débit (fibre),"99,29 %",Taux de création d'entreprises,"6,7 %"
rotalier-39467,Économie,Revenu médian,23 380 €,Taux de chômage,"6,66 %",couverture en très haut débit (fibre),0 %,Taux de création d'entreprises,"16,7 %"
rothonay-39468,Économie,Revenu médian,22 830 €,Taux de chômage,"10,98 %",couverture en très haut débit (fibre),0 %,Taux de création d'entreprises,-
rouffange-39469,Économie,Revenu médian,21 910 €,Taux de chômage,"2,53 %",couverture en très haut débit (fibre),0 %,Taux de création d'entreprises,-
les-rousses-39470,Économie,Revenu médian,35 030 €,Taux de chômage,"5,11 %",couverture en très haut débit (fibre),27 %,Taux de création d'entreprises,"11,6 %"
les-rousses-39470,Économie,Revenu médian,35 030 €,Taux de chômage,"5,11 %",couverture en très haut débit (fibre),27 %,Taux de création d'entreprises,"11,6 %"
sainte-agnes-39474,Économie,Revenu médian,21 360 €,Taux de chômage,"4,9 %",couverture en très haut débit (fibre),0 %,Taux de création d'entreprises,"18,2 %"
saint-claude-39478,Économie,Revenu médian,19 730 €,Taux de chômage,"10,45 %",couverture en très haut débit (fibre),"38,39 %",Taux de création d'entreprises,14 %
saint-cyr-montmalin-39479,Économie,Revenu médian,24 230 €,Taux de chômage,"2,19 %",couverture en très haut débit (fibre),0 %,Taux de création d'entreprises,"5,6 %"
saint-didier-39480,Économie,Revenu médian,27 180 €,Taux de chômage,"6,4 %",couverture en très haut débit (fibre),"98,59 %",Taux de création d'entreprises,20 %
val-suran-39485,Économie,Revenu médian,20 360 €,Taux de chômage,"7,11 %",couverture en très haut débit (fibre),0 %,Taux de création d'entreprises,"6,5 %"
val-suran-39485,Économie,Revenu médian,20 360 €,Taux de chômage,"7,11 %",couverture en très haut débit (fibre),0 %,Taux de création d'entreprises,"6,5 %"
coteaux-du-lizon-39491,Économie,Revenu médian,23 060 €,Taux de chômage,"7,22 %",couverture en très haut débit (fibre),"14,15 %",Taux de création d'entreprises,"10,4 %"
saint-maur-39492,Économie,Revenu médian,21 240 €,Taux de chômage,"3,4 %",couverture en très haut débit (fibre),0 %,Taux de création d'entreprises,"22,2 %"
saint-maurice-crillat-39493,Économie,Revenu médian,21 330 €,Taux de chômage,"5,11 %",couverture en très haut débit (fibre),0 %,Taux de création d'entreprises,-
salans-39498,Économie,Revenu médian,24 400 €,Taux de chômage,"3,33 %",couverture en très haut débit (fibre),0 %,Taux de création d'entreprises,"26,7 %"
santans-39502,Économie,Revenu médian,21 490 €,Taux de chômage,"8,53 %",couverture en très haut débit (fibre),0 %,Taux de création d'entreprises,"13,3 %"
sarrogna-39504,Économie,Revenu médian,21 770 €,Taux de chômage,"8,7 %",couverture en très haut débit (fibre),0 %,Taux de création d'entreprises,"8,3 %"
songeson-39518,Économie,Revenu médian,-,Taux de chômage,"4,99 %",couverture en très haut débit (fibre),0 %,Taux de création d'entreprises,"33,3 %"
soucia-39519,Économie,Revenu médian,22 780 €,Taux de chômage,"7,62 %",couverture en très haut débit (fibre),100 %,Taux de création d'entreprises,"14,3 %"
souvans-39520,Économie,Revenu médian,21 530 €,Taux de chômage,"5,31 %",couverture en très haut débit (fibre),0 %,Taux de création d'entreprises,"10,7 %"
tassenieres-39525,Économie,Revenu médian,19 780 €,Taux de chômage,"7,17 %",couverture en très haut débit (fibre),0 %,Taux de création d'entreprises,"8,7 %"
la-tour-du-meix-39534,Économie,Revenu médian,24 410 €,Taux de chômage,"6,48 %",couverture en très haut débit (fibre),0 %,Taux de création d'entreprises,"5,9 %"
trenal-39537,Économie,Revenu médian,23 490 €,Taux de chômage,"5,6 %",couverture en très haut débit (fibre),"34,02 %",Taux de création d'entreprises,"5,6 %"
verges-39550,Économie,Revenu médian,22 810 €,Taux de chômage,"7,82 %",couverture en très haut débit (fibre),0 %,Taux de création d'entreprises,20 %
villerserine-39568,Économie,Revenu médian,-,Taux de chômage,"13,04 %",couverture en très haut débit (fibre),0 %,Taux de création d'entreprises,-
villette-les-arbois-39572,Économie,Revenu médian,22 490 €,Taux de chômage,"7,08 %",couverture en très haut débit (fibre),"84,09 %",Taux de création d'entreprises,"5,6 %"
le-villey-39575,Économie,Revenu médian,-,Taux de chômage,-,couverture en très haut débit (fibre),0 %,Taux de création d'entreprises,-
val-sonnette-39576,Économie,Revenu médian,22 570 €,Taux de chômage,"4,63 %",couverture en très haut débit (fibre),0 %,Taux de création d'entreprises,"14,3 %"
val-sonnette-39576,Économie,Revenu médian,22 570 €,Taux de chômage,"4,63 %",couverture en très haut débit (fibre),0 %,Taux de création d'entreprises,"14,3 %"
vincent-froideville-39577,Économie,Revenu médian,23 180 €,Taux de chômage,"5,32 %",couverture en très haut débit (fibre),0 %,Taux de création d'entreprises,"16,7 %"
vosbles-valfin-39583,Économie,Revenu médian,21 820 €,Taux de chômage,"6,45 %",couverture en très haut débit (fibre),"93,09 %",Taux de création d'entreprises,"16,7 %"
anlezy-58006,Économie,Revenu médian,18 900 €,Taux de chômage,"6,57 %",couverture en très haut débit (fibre),"95,39 %",Taux de création d'entreprises,"14,3 %"
anthien-58008,Économie,Revenu médian,17 580 €,Taux de chômage,"9,38 %",couverture en très haut débit (fibre),"99,36 %",Taux de création d'entreprises,"42,9 %"
arleuf-58010,Économie,Revenu médian,19 690 €,Taux de chômage,"8,63 %",couverture en très haut débit (fibre),"91,75 %",Taux de création d'entreprises,"5,1 %"
asnan-58015,Économie,Revenu médian,19 310 €,Taux de chômage,"11,47 %",couverture en très haut débit (fibre),0 %,Taux de création d'entreprises,"12,5 %"
aunay-en-bazois-58017,Économie,Revenu médian,19 060 €,Taux de chômage,"9,88 %",couverture en très haut débit (fibre),"92,93 %",Taux de création d'entreprises,"15,8 %"
biches-58030,Économie,Revenu médian,18 980 €,Taux de chômage,"8,22 %",couverture en très haut débit (fibre),"89,82 %",Taux de création d'entreprises,4 %
billy-chevannes-58031,Économie,Revenu médian,19 420 €,Taux de chômage,"11,96 %",couverture en très haut débit (fibre),100 %,Taux de création d'entreprises,"14,3 %"
blismes-58034,Économie,Revenu médian,16 520 €,Taux de chômage,"7,34 %",couverture en très haut débit (fibre),"98,99 %",Taux de création d'entreprises,"9,1 %"
breves-58039,Économie,Revenu médian,21 700 €,Taux de chômage,"4,79 %",couverture en très haut débit (fibre),100 %,Taux de création d'entreprises,25 %
challuy-58051,Économie,Revenu médian,22 350 €,Taux de chômage,"6,16 %",couverture en très haut débit (fibre),"70,23 %",Taux de création d'entreprises,"7,8 %"
champlin-58054,Économie,Revenu médian,-,Taux de chômage,"5,91 %",couverture en très haut débit (fibre),100 %,Taux de création d'entreprises,-
champvert-58055,Économie,Revenu médian,21 770 €,Taux de chômage,"8,16 %",couverture en très haut débit (fibre),"72,02 %",Taux de création d'entreprises,"10,3 %"
chaumot-58069,Économie,Revenu médian,20 090 €,Taux de chômage,7 %,couverture en très haut débit (fibre),"96,99 %",Taux de création d'entreprises,-
colmery-58081,Économie,Revenu médian,22 010 €,Taux de chômage,"15,18 %",couverture en très haut débit (fibre),"96,43 %",Taux de création d'entreprises,"10,5 %"
corbigny-58083,Économie,Revenu médian,20 420 €,Taux de chômage,"8,67 %",couverture en très haut débit (fibre),"79,47 %",Taux de création d'entreprises,"5,4 %"
cossaye-58087,Économie,Revenu médian,19 390 €,Taux de chômage,"6,81 %",couverture en très haut débit (fibre),"99,39 %",Taux de création d'entreprises,"15,4 %"
dirol-58098,Économie,Revenu médian,22 390 €,Taux de chômage,"6,78 %",couverture en très haut débit (fibre),100 %,Taux de création d'entreprises,25 %
dommartin-58099,Économie,Revenu médian,18 590 €,Taux de chômage,"5,88 %",couverture en très haut débit (fibre),"98,32 %",Taux de création d'entreprises,"16,7 %"
empury-58108,Économie,Revenu médian,-,Taux de chômage,"2,64 %",couverture en très haut débit (fibre),"98,09 %",Taux de création d'entreprises,-
epiry-58110,Économie,Revenu médian,19 110 €,Taux de chômage,"7,49 %",couverture en très haut débit (fibre),"94,88 %",Taux de création d'entreprises,"14,3 %"
garchizy-58121,Économie,Revenu médian,21 210 €,Taux de chômage,"8,41 %",couverture en très haut débit (fibre),"91,08 %",Taux de création d'entreprises,"8,6 %"
lamenay-sur-loire-58137,Économie,Revenu médian,-,Taux de chômage,"5,55 %",couverture en très haut débit (fibre),"94,23 %",Taux de création d'entreprises,-
lormes-58145,Économie,Revenu médian,20 260 €,Taux de chômage,"6,18 %",couverture en très haut débit (fibre),"99,84 %",Taux de création d'entreprises,"6,7 %"
lucenay-les-aix-58146,Économie,Revenu médian,19 190 €,Taux de chômage,"8,19 %",couverture en très haut débit (fibre),"99,44 %",Taux de création d'entreprises,"9,3 %"
la-machine-58151,Économie,Revenu médian,19 320 €,Taux de chômage,"9,73 %",couverture en très haut débit (fibre),"94,04 %",Taux de création d'entreprises,"7,7 %"
mesves-sur-loire-58164,Économie,Revenu médian,22 710 €,Taux de chômage,"7,56 %",couverture en très haut débit (fibre),"96,19 %",Taux de création d'entreprises,"21,6 %"
metz-le-comte-58165,Économie,Revenu médian,22 850 €,Taux de chômage,"6,73 %",couverture en très haut débit (fibre),100 %,Taux de création d'entreprises,50 %
mhere-58166,Économie,Revenu médian,20 630 €,Taux de chômage,"7,4 %",couverture en très haut débit (fibre),"15,58 %",Taux de création d'entreprises,"6,2 %"
moissy-moulinot-58169,Économie,Revenu médian,-,Taux de chômage,-,couverture en très haut débit (fibre),"96,2 %",Taux de création d'entreprises,-
montaron-58173,Économie,Revenu médian,19 890 €,Taux de chômage,"8,82 %",couverture en très haut débit (fibre),"7,71 %",Taux de création d'entreprises,"12,5 %"
montigny-aux-amognes-58176,Économie,Revenu médian,23 550 €,Taux de chômage,"6,72 %",couverture en très haut débit (fibre),100 %,Taux de création d'entreprises,-
montsauche-les-settons-58180,Économie,Revenu médian,19 980 €,Taux de chômage,"5,68 %",couverture en très haut débit (fibre),"3,86 %",Taux de création d'entreprises,"3,2 %"
moussy-58184,Économie,Revenu médian,20 380 €,Taux de chômage,"11,11 %",couverture en très haut débit (fibre),"99,78 %",Taux de création d'entreprises,"33,3 %"
neuvy-sur-loire-58193,Économie,Revenu médian,20 950 €,Taux de chômage,"11,76 %",couverture en très haut débit (fibre),"83,96 %",Taux de création d'entreprises,4 %
parigny-les-vaux-58207,Économie,Revenu médian,23 080 €,Taux de chômage,"4,57 %",couverture en très haut débit (fibre),"0,38 %",Taux de création d'entreprises,"17,5 %"
perroy-58209,Économie,Revenu médian,21 200 €,Taux de chômage,"8,64 %",couverture en très haut débit (fibre),100 %,Taux de création d'entreprises,-
pougny-58213,Économie,Revenu médian,20 960 €,Taux de chômage,"6,55 %",couverture en très haut débit (fibre),"95,51 %",Taux de création d'entreprises,"6,9 %"
raveau-58220,Économie,Revenu médian,23 090 €,Taux de chômage,"7,15 %",couverture en très haut débit (fibre),100 %,Taux de création d'entreprises,20 %
rix-58222,Économie,Revenu médian,23 200 €,Taux de chômage,"6,31 %",couverture en très haut débit (fibre),100 %,Taux de création d'entreprises,-
rouy-58223,Économie,Revenu médian,18 810 €,Taux de chômage,"9,32 %",couverture en très haut débit (fibre),"93,23 %",Taux de création d'entreprises,"7,3 %"
saincaize-meauce-58225,Économie,Revenu médian,19 780 €,Taux de chômage,"11,24 %",couverture en très haut débit (fibre),65 %,Taux de création d'entreprises,25 %
saint-amand-en-puisaye-58227,Économie,Revenu médian,19 730 €,Taux de chômage,"10,5 %",couverture en très haut débit (fibre),"94,59 %",Taux de création d'entreprises,"11,7 %"
saint-andelain-58228,Économie,Revenu médian,24 550 €,Taux de chômage,"5,46 %",couverture en très haut débit (fibre),100 %,Taux de création d'entreprises,"6,7 %"
saint-aubin-les-forges-58231,Économie,Revenu médian,22 350 €,Taux de chômage,"8,64 %",couverture en très haut débit (fibre),0 %,Taux de création d'entreprises,"18,2 %"
saint-benin-d-azy-58232,Économie,Revenu médian,22 240 €,Taux de chômage,"7,25 %",couverture en très haut débit (fibre),"47,76 %",Taux de création d'entreprises,"9,9 %"
saint-brisson-58235,Économie,Revenu médian,19 580 €,Taux de chômage,"6,16 %",couverture en très haut débit (fibre),"87,97 %",Taux de création d'entreprises,"8,3 %"
sainte-colombe-des-bois-58236,Économie,Revenu médian,22 340 €,Taux de chômage,"10,12 %",couverture en très haut débit (fibre),"99,59 %",Taux de création d'entreprises,50 %
saint-didier-58237,Économie,Revenu médian,-,Taux de chômage,"18,18 %",couverture en très haut débit (fibre),100 %,Taux de création d'entreprises,-
saint-germain-des-bois-58242,Économie,Revenu médian,19 710 €,Taux de chômage,"6,41 %",couverture en très haut débit (fibre),"84,75 %",Taux de création d'entreprises,"33,3 %"
saint-hilaire-en-morvan-58244,Économie,Revenu médian,20 620 €,Taux de chômage,"2,92 %",couverture en très haut débit (fibre),"82,88 %",Taux de création d'entreprises,"30,8 %"
saint-martin-d-heuille-58254,Économie,Revenu médian,24 740 €,Taux de chômage,"4,51 %",couverture en très haut débit (fibre),"95,02 %",Taux de création d'entreprises,"29,4 %"
saint-parize-le-chatel-58260,Économie,Revenu médian,23 160 €,Taux de chômage,"4,96 %",couverture en très haut débit (fibre),"96,85 %",Taux de création d'entreprises,"14,8 %"
saint-pereuse-58262,Économie,Revenu médian,22 070 €,Taux de chômage,"7,26 %",couverture en très haut débit (fibre),"94,23 %",Taux de création d'entreprises,"16,7 %"
saint-pierre-du-mont-58263,Économie,Revenu médian,19 370 €,Taux de chômage,"9,09 %",couverture en très haut débit (fibre),"81,33 %",Taux de création d'entreprises,"11,1 %"
saint-saulge-58267,Économie,Revenu médian,20 790 €,Taux de chômage,"8,58 %",couverture en très haut débit (fibre),"90,17 %",Taux de création d'entreprises,"7,7 %"
saizy-58271,Économie,Revenu médian,21 310 €,Taux de chômage,"7,57 %",couverture en très haut débit (fibre),100 %,Taux de création d'entreprises,"16,7 %"
sauvigny-les-bois-58273,Économie,Revenu médian,23 840 €,Taux de chômage,"3,7 %",couverture en très haut débit (fibre),"98,49 %",Taux de création d'entreprises,14 %
savigny-poil-fol-58274,Économie,Revenu médian,-,Taux de chômage,"8,83 %",couverture en très haut débit (fibre),"11,29 %",Taux de création d'entreprises,"16,7 %"
sermages-58277,Économie,Revenu médian,20 970 €,Taux de chômage,"3,73 %",couverture en très haut débit (fibre),"93,02 %",Taux de création d'entreprises,-
sougy-sur-loire-58280,Économie,Revenu médian,22 780 €,Taux de chômage,"6,33 %",couverture en très haut débit (fibre),"99,44 %",Taux de création d'entreprises,"7,9 %"
taconnay-58283,Économie,Revenu médian,-,Taux de chômage,"9,68 %",couverture en très haut débit (fibre),"9,09 %",Taux de création d'entreprises,-
tamnay-en-bazois-58285,Économie,Revenu médian,18 250 €,Taux de chômage,"8,97 %",couverture en très haut débit (fibre),0 %,Taux de création d'entreprises,-
ternant-58289,Économie,Revenu médian,19 550 €,Taux de chômage,"8,99 %",couverture en très haut débit (fibre),"92,05 %",Taux de création d'entreprises,"9,1 %"
tintury-58292,Économie,Revenu médian,20 870 €,Taux de chômage,"14,28 %",couverture en très haut débit (fibre),0 %,Taux de création d'entreprises,-
tracy-sur-loire-58295,Économie,Revenu médian,22 490 €,Taux de chômage,"5,95 %",couverture en très haut débit (fibre),"99,85 %",Taux de création d'entreprises,"14,7 %"
trois-vevres-58297,Économie,Revenu médian,22 010 €,Taux de chômage,"8,37 %",couverture en très haut débit (fibre),"98,71 %",Taux de création d'entreprises,"42,9 %"
varennes-vauzelles-58303,Économie,Revenu médian,22 180 €,Taux de chômage,"8,2 %",couverture en très haut débit (fibre),"67,44 %",Taux de création d'entreprises,"11,1 %"
vauclaix-58305,Économie,Revenu médian,19 490 €,Taux de chômage,"5,26 %",couverture en très haut débit (fibre),"86,57 %",Taux de création d'entreprises,-
villapourcon-58309,Économie,Revenu médian,19 610 €,Taux de chômage,"8,94 %",couverture en très haut débit (fibre),"96,15 %",Taux de création d'entreprises,"17,2 %"
villiers-le-sec-58310,Économie,Revenu médian,-,Taux de chômage,"6,45 %",couverture en très haut débit (fibre),"95,24 %",Taux de création d'entreprises,-
abergement-la-ronce-39001,Économie,Revenu médian,23 690 €,Taux de chômage,"4,26 %",couverture en très haut débit (fibre),0 %,Taux de création d'entreprises,"24,1 %"
aiglepierre-39006,Économie,Revenu médian,22 950 €,Taux de chômage,"3,63 %",couverture en très haut débit (fibre),"87,06 %",Taux de création d'entreprises,"23,1 %"
andelot-en-montagne-39009,Économie,Revenu médian,22 360 €,Taux de chômage,"3,48 %",couverture en très haut débit (fibre),"75,26 %",Taux de création d'entreprises,19 %
annoire-39011,Économie,Revenu médian,21 380 €,Taux de chômage,"8,61 %",couverture en très haut débit (fibre),0 %,Taux de création d'entreprises,"30,4 %"
arbois-39013,Économie,Revenu médian,21 630 €,Taux de chômage,"5,88 %",couverture en très haut débit (fibre),"62,31 %",Taux de création d'entreprises,"3,6 %"
ardon-39015,Économie,Revenu médian,22 750 €,Taux de chômage,"11,87 %",couverture en très haut débit (fibre),0 %,Taux de création d'entreprises,-
arinthod-39016,Économie,Revenu médian,20 350 €,Taux de chômage,"6,5 %",couverture en très haut débit (fibre),"89,98 %",Taux de création d'entreprises,"11,6 %"
les-arsures-39019,Économie,Revenu médian,23 460 €,Taux de chômage,"4,31 %",couverture en très haut débit (fibre),"96,58 %",Taux de création d'entreprises,"6,2 %"
la-chailleuse-39021,Économie,Revenu médian,23 700 €,Taux de chômage,"6,39 %",couverture en très haut débit (fibre),0 %,Taux de création d'entreprises,"6,2 %"
augea-39025,Économie,Revenu médian,22 140 €,Taux de chômage,"9,8 %",couverture en très haut débit (fibre),0 %,Taux de création d'entreprises,"16,7 %"
augisey-39027,Économie,Revenu médian,21 260 €,Taux de chômage,"4,85 %",couverture en très haut débit (fibre),0 %,Taux de création d'entreprises,-
authume-39030,Économie,Revenu médian,24 560 €,Taux de chômage,"7,53 %",couverture en très haut débit (fibre),"61,97 %",Taux de création d'entreprises,"3,8 %"
baresia-sur-l-ain-39038,Économie,Revenu médian,25 190 €,Taux de chômage,"4,77 %",couverture en très haut débit (fibre),100 %,Taux de création d'entreprises,"57,1 %"
bersaillin-39049,Économie,Revenu médian,22 110 €,Taux de chômage,"5,86 %",couverture en très haut débit (fibre),0 %,Taux de création d'entreprises,16 %
bief-du-fourg-39053,Économie,Revenu médian,25 830 €,Taux de chômage,"8,27 %",couverture en très haut débit (fibre),0 %,Taux de création d'entreprises,-
bletterans-39056,Économie,Revenu médian,21 070 €,Taux de chômage,"12,24 %",couverture en très haut débit (fibre),"28,84 %",Taux de création d'entreprises,"5,3 %"
boissia-39061,Économie,Revenu médian,24 180 €,Taux de chômage,"5,56 %",couverture en très haut débit (fibre),"98,67 %",Taux de création d'entreprises,"9,1 %"
brainans-39073,Économie,Revenu médian,22 570 €,Taux de chômage,"5,05 %",couverture en très haut débit (fibre),0 %,Taux de création d'entreprises,"27,3 %"
cernans-39084,Économie,Revenu médian,21 560 €,Taux de chômage,"9,68 %",couverture en très haut débit (fibre),0 %,Taux de création d'entreprises,"16,7 %"
cesancey-39088,Économie,Revenu médian,23 300 €,Taux de chômage,"5,5 %",couverture en très haut débit (fibre),"98,21 %",Taux de création d'entreprises,"5,9 %"
chamblay-39093,Économie,Revenu médian,23 000 €,Taux de chômage,"5,5 %",couverture en très haut débit (fibre),"97,92 %",Taux de création d'entreprises,"14,3 %"
champagney-39096,Économie,Revenu médian,19 640 €,Taux de chômage,"8,53 %",couverture en très haut débit (fibre),"85,46 %",Taux de création d'entreprises,"33,3 %"
champagnole-39097,Économie,Revenu médian,20 870 €,Taux de chômage,"8,57 %",couverture en très haut débit (fibre),"23,17 %",Taux de création d'entreprises,"10,5 %"
champdivers-39099,Économie,Revenu médian,23 400 €,Taux de chômage,"5,6 %",couverture en très haut débit (fibre),0 %,Taux de création d'entreprises,"7,1 %"
champrougier-39100,Économie,Revenu médian,22 460 €,Taux de chômage,"13,64 %",couverture en très haut débit (fibre),0 %,Taux de création d'entreprises,"33,3 %"
la-chassagne-39112,Économie,Revenu médian,19 380 €,Taux de chômage,"16,4 %",couverture en très haut débit (fibre),0 %,Taux de création d'entreprises,"11,1 %"
chatel-de-joux-39118,Économie,Revenu médian,-,Taux de chômage,-,couverture en très haut débit (fibre),0 %,Taux de création d'entreprises,-
la-chaumusse-39126,Économie,Revenu médian,27 180 €,Taux de chômage,"7,18 %",couverture en très haut débit (fibre),0 %,Taux de création d'entreprises,"10,5 %"
chaux-des-crotenay-39129,Économie,Revenu médian,24 230 €,Taux de chômage,"6,59 %",couverture en très haut débit (fibre),0 %,Taux de création d'entreprises,8 %
nanchez-39130,Économie,Revenu médian,24 550 €,Taux de chômage,"6,54 %",couverture en très haut débit (fibre),0 %,Taux de création d'entreprises,"10,7 %"
saint-hymetiere-sur-valouse-39137,Économie,Revenu médian,22 650 €,Taux de chômage,"4,38 %",couverture en très haut débit (fibre),"99,62 %",Taux de création d'entreprises,"26,3 %"
saint-hymetiere-sur-valouse-39137,Économie,Revenu médian,22 650 €,Taux de chômage,"4,38 %",couverture en très haut débit (fibre),"99,62 %",Taux de création d'entreprises,"26,3 %"
saint-hymetiere-sur-valouse-39137,Économie,Revenu médian,22 650 €,Taux de chômage,"4,38 %",couverture en très haut débit (fibre),"99,62 %",Taux de création d'entreprises,"26,3 %"
chevreaux-39142,Économie,Revenu médian,20 430 €,Taux de chômage,"4,92 %",couverture en très haut débit (fibre),0 %,Taux de création d'entreprises,20 %
chevrotaine-39143,Économie,Revenu médian,-,Taux de chômage,"5,26 %",couverture en très haut débit (fibre),0 %,Taux de création d'entreprises,-
choux-39151,Économie,Revenu médian,20 550 €,Taux de chômage,"9,21 %",couverture en très haut débit (fibre),0 %,Taux de création d'entreprises,-
courbette-39168,Économie,Revenu médian,-,Taux de chômage,"3,85 %",couverture en très haut débit (fibre),0 %,Taux de création d'entreprises,-
crans-39178,Économie,Revenu médian,-,Taux de chômage,-,couverture en très haut débit (fibre),100 %,Taux de création d'entreprises,25 %
cressia-39180,Économie,Revenu médian,19 770 €,Taux de chômage,"7,23 %",couverture en très haut débit (fibre),0 %,Taux de création d'entreprises,"15,8 %"
darbonnay-39191,Économie,Revenu médian,-,Taux de chômage,-,couverture en très haut débit (fibre),0 %,Taux de création d'entreprises,"12,5 %"
desnes-39194,Économie,Revenu médian,21 470 €,Taux de chômage,"4,65 %",couverture en très haut débit (fibre),"1,12 %",Taux de création d'entreprises,15 %
domblans-39199,Économie,Revenu médian,23 250 €,Taux de chômage,"5,97 %",couverture en très haut débit (fibre),"21,79 %",Taux de création d'entreprises,"9,6 %"
ecrille-39207,Économie,Revenu médian,-,Taux de chômage,"9,27 %",couverture en très haut débit (fibre),0 %,Taux de création d'entreprises,"16,7 %"
val-d-epy-39209,Économie,Revenu médian,20 220 €,Taux de chômage,"6,42 %",couverture en très haut débit (fibre),"61,76 %",Taux de création d'entreprises,"12,5 %"
val-d-epy-39209,Économie,Revenu médian,20 220 €,Taux de chômage,"6,42 %",couverture en très haut débit (fibre),"61,76 %",Taux de création d'entreprises,"12,5 %"
l-etoile-39217,Économie,Revenu médian,26 540 €,Taux de chômage,"3,64 %",couverture en très haut débit (fibre),"99,39 %",Taux de création d'entreprises,"19,4 %"
falletans-39220,Économie,Revenu médian,24 060 €,Taux de chômage,"4,13 %",couverture en très haut débit (fibre),0 %,Taux de création d'entreprises,"46,2 %"
fay-en-montagne-39222,Économie,Revenu médian,-,Taux de chômage,-,couverture en très haut débit (fibre),0 %,Taux de création d'entreprises,"12,5 %"
la-ferte-39223,Économie,Revenu médian,21 710 €,Taux de chômage,"4,85 %",couverture en très haut débit (fibre),0 %,Taux de création d'entreprises,-
fontenu-39230,Économie,Revenu médian,-,Taux de chômage,"4,55 %",couverture en très haut débit (fibre),0 %,Taux de création d'entreprises,-
fraroz-39237,Économie,Revenu médian,-,Taux de chômage,"6,25 %",couverture en très haut débit (fibre),0 %,Taux de création d'entreprises,-
frontenay-39244,Économie,Revenu médian,23 370 €,Taux de chômage,"1,19 %",couverture en très haut débit (fibre),0 %,Taux de création d'entreprises,"8,3 %"
gigny-39253,Économie,Revenu médian,21 110 €,Taux de chômage,"9,46 %",couverture en très haut débit (fibre),0 %,Taux de création d'entreprises,"10,5 %"
grande-riviere-chateau-39258,Économie,Revenu médian,25 830 €,Taux de chômage,"6,01 %",couverture en très haut débit (fibre),0 %,Taux de création d'entreprises,25 %
les-hays-39266,Économie,Revenu médian,21 010 €,Taux de chômage,"7,95 %",couverture en très haut débit (fibre),"99,53 %",Taux de création d'entreprises,10 %
ivory-39267,Économie,Revenu médian,-,Taux de chômage,"6,67 %",couverture en très haut débit (fibre),"93,56 %",Taux de création d'entreprises,-
larrivoire-39280,Économie,Revenu médian,23 860 €,Taux de chômage,"8,57 %",couverture en très haut débit (fibre),0 %,Taux de création d'entreprises,"14,3 %"
lect-39289,Économie,Revenu médian,20 370 €,Taux de chômage,"5,96 %",couverture en très haut débit (fibre),0 %,Taux de création d'entreprises,"14,3 %"
valzin-en-petite-montagne-39290,Économie,Revenu médian,22 570 €,Taux de chômage,"5,24 %",couverture en très haut débit (fibre),0 %,Taux de création d'entreprises,5 %
longchaumois-39297,Économie,Revenu médian,27 520 €,Taux de chômage,"6,23 %",couverture en très haut débit (fibre),"27,23 %",Taux de création d'entreprises,"10,2 %"
lons-le-saunier-39300,Économie,Revenu médian,20 160 €,Taux de chômage,"10,07 %",couverture en très haut débit (fibre),"82,48 %",Taux de création d'entreprises,"9,9 %"
malange-39308,Économie,Revenu médian,22 370 €,Taux de chômage,"6,04 %",couverture en très haut débit (fibre),0 %,Taux de création d'entreprises,"22,2 %"
mantry-39310,Économie,Revenu médian,22 530 €,Taux de chômage,"4,47 %",couverture en très haut débit (fibre),0 %,Taux de création d'entreprises,"3,2 %"
marigna-sur-valouse-39312,Économie,Revenu médian,23 450 €,Taux de chômage,"9,68 %",couverture en très haut débit (fibre),0 %,Taux de création d'entreprises,-
marigny-39313,Économie,Revenu médian,25 130 €,Taux de chômage,"4,76 %",couverture en très haut débit (fibre),0 %,Taux de création d'entreprises,"11,1 %"
mathenay-39319,Économie,Revenu médian,22 070 €,Taux de chômage,"3,37 %",couverture en très haut débit (fibre),0 %,Taux de création d'entreprises,"11,1 %"
mesnois-39326,Économie,Revenu médian,22 410 €,Taux de chômage,"5,94 %",couverture en très haut débit (fibre),100 %,Taux de création d'entreprises,"7,1 %"
messia-sur-sorne-39327,Économie,Revenu médian,22 410 €,Taux de chômage,"6,5 %",couverture en très haut débit (fibre),"81,09 %",Taux de création d'entreprises,"10,9 %"
mieges-39329,Économie,Revenu médian,22 530 €,Taux de chômage,"5,37 %",couverture en très haut débit (fibre),0 %,Taux de création d'entreprises,10 %
mieges-39329,Économie,Revenu médian,22 530 €,Taux de chômage,"5,37 %",couverture en très haut débit (fibre),0 %,Taux de création d'entreprises,10 %
mignovillard-39331,Économie,Revenu médian,25 900 €,Taux de chômage,"4,7 %",couverture en très haut débit (fibre),0 %,Taux de création d'entreprises,"8,7 %"
moissey-39335,Économie,Revenu médian,21 060 €,Taux de chômage,8 %,couverture en très haut débit (fibre),"71,64 %",Taux de création d'entreprises,"8,8 %"
chassal-molinges-39339,Économie,Revenu médian,22 540 €,Taux de chômage,"9,21 %",couverture en très haut débit (fibre),"0,17 %",Taux de création d'entreprises,"15,2 %"
monnetay-39343,Économie,Revenu médian,-,Taux de chômage,20 %,couverture en très haut débit (fibre),0 %,Taux de création d'entreprises,-
montain-39349,Économie,Revenu médian,28 720 €,Taux de chômage,"3,65 %",couverture en très haut débit (fibre),0 %,Taux de création d'entreprises,"9,5 %"
morbier-39367,Économie,Revenu médian,29 890 €,Taux de chômage,"8,38 %",couverture en très haut débit (fibre),"28,53 %",Taux de création d'entreprises,"6,3 %"
hauts-de-bienne-39368,Économie,Revenu médian,22 520 €,Taux de chômage,"14,35 %",couverture en très haut débit (fibre),"8,91 %",Taux de création d'entreprises,"15,5 %"
mouchard-39370,Économie,Revenu médian,21 590 €,Taux de chômage,"7,12 %",couverture en très haut débit (fibre),0 %,Taux de création d'entreprises,"6,5 %"
moutonne-39375,Économie,Revenu médian,24 520 €,Taux de chômage,"4,05 %",couverture en très haut débit (fibre),0 %,Taux de création d'entreprises,-
les-trois-chateaux-39378,Économie,Revenu médian,23 320 €,Taux de chômage,"4,88 %",couverture en très haut débit (fibre),0 %,Taux de création d'entreprises,"28,6 %"
nance-39379,Économie,Revenu médian,23 290 €,Taux de chômage,"3,23 %",couverture en très haut débit (fibre),0 %,Taux de création d'entreprises,"13,6 %"
neublans-abergement-39385,Économie,Revenu médian,20 060 €,Taux de chômage,"9,31 %",couverture en très haut débit (fibre),100 %,Taux de création d'entreprises,"12,5 %"
nozeroy-39391,Économie,Revenu médian,23 670 €,Taux de chômage,"4,9 %",couverture en très haut débit (fibre),0 %,Taux de création d'entreprises,-
orgelet-39397,Économie,Revenu médian,21 960 €,Taux de chômage,"7,5 %",couverture en très haut débit (fibre),0 %,Taux de création d'entreprises,"8,2 %"
our-39400,Économie,Revenu médian,22 690 €,Taux de chômage,"1,09 %",couverture en très haut débit (fibre),0 %,Taux de création d'entreprises,-
le-pasquier-39406,Économie,Revenu médian,23 750 €,Taux de chômage,"4,88 %",couverture en très haut débit (fibre),0 %,Taux de création d'entreprises,"27,3 %"
patornay-39408,Économie,Revenu médian,23 380 €,Taux de chômage,"6,59 %",couverture en très haut débit (fibre),"96,19 %",Taux de création d'entreprises,13 %
peintre-39409,Économie,Revenu médian,22 900 €,Taux de chômage,"1,39 %",couverture en très haut débit (fibre),"80,51 %",Taux de création d'entreprises,"28,6 %"
pimorin-39420,Économie,Revenu médian,20 600 €,Taux de chômage,"10,83 %",couverture en très haut débit (fibre),0 %,Taux de création d'entreprises,"5,6 %"
plainoiseau-39422,Économie,Revenu médian,24 500 €,Taux de chômage,"3,68 %",couverture en très haut débit (fibre),0 %,Taux de création d'entreprises,"2,8 %"
pont-de-poitte-39435,Économie,Revenu médian,21 260 €,Taux de chômage,"8,49 %",couverture en très haut débit (fibre),0 %,Taux de création d'entreprises,9 %
pont-d-hery-39436,Économie,Revenu médian,22 230 €,Taux de chômage,"5,43 %",couverture en très haut débit (fibre),0 %,Taux de création d'entreprises,"5,3 %"
pont-d-hery-39436,Économie,Revenu médian,22 230 €,Taux de chômage,"5,43 %",couverture en très haut débit (fibre),0 %,Taux de création d'entreprises,"5,3 %"
presilly-39443,Économie,Revenu médian,24 330 €,Taux de chômage,"2,99 %",couverture en très haut débit (fibre),0 %,Taux de création d'entreprises,-
pretin-39444,Économie,Revenu médian,-,Taux de chômage,"12,51 %",couverture en très haut débit (fibre),"92,45 %",Taux de création d'entreprises,-
pupillin-39446,Économie,Revenu médian,24 670 €,Taux de chômage,"3,05 %",couverture en très haut débit (fibre),"95,93 %",Taux de création d'entreprises,-
quintigny-39447,Économie,Revenu médian,23 030 €,Taux de chômage,"2,9 %",couverture en très haut débit (fibre),0 %,Taux de création d'entreprises,30 %
rainans-39449,Économie,Revenu médian,23 610 €,Taux de chômage,"2,58 %",couverture en très haut débit (fibre),"75,86 %",Taux de création d'entreprises,"12,5 %"
rye-39472,Économie,Revenu médian,20 400 €,Taux de chômage,"9,54 %",couverture en très haut débit (fibre),0 %,Taux de création d'entreprises,20 %
saint-aubin-39476,Économie,Revenu médian,21 860 €,Taux de chômage,"6,39 %",couverture en très haut débit (fibre),"28,38 %",Taux de création d'entreprises,"10,1 %"
saint-germain-en-montagne-39481,Économie,Revenu médian,22 890 €,Taux de chômage,"10,95 %",couverture en très haut débit (fibre),"38,71 %",Taux de création d'entreprises,"16,7 %"
val-suran-39485,Économie,Revenu médian,20 360 €,Taux de chômage,"7,11 %",couverture en très haut débit (fibre),0 %,Taux de création d'entreprises,"6,5 %"
saint-lamain-39486,Économie,Revenu médian,22 760 €,Taux de chômage,"6,45 %",couverture en très haut débit (fibre),0 %,Taux de création d'entreprises,"15,4 %"
saint-laurent-en-grandvaux-39487,Économie,Revenu médian,25 100 €,Taux de chômage,"11,66 %",couverture en très haut débit (fibre),0 %,Taux de création d'entreprises,"9,2 %"
saint-loup-39490,Économie,Revenu médian,24 140 €,Taux de chômage,"4,23 %",couverture en très haut débit (fibre),"19,9 %",Taux de création d'entreprises,-
saint-pierre-39494,Économie,Revenu médian,27 460 €,Taux de chômage,"2,5 %",couverture en très haut débit (fibre),0 %,Taux de création d'entreprises,"6,1 %"
saint-thiebaud-39495,Économie,Revenu médian,-,Taux de chômage,"6,38 %",couverture en très haut débit (fibre),"3,39 %",Taux de création d'entreprises,-
saizenay-39497,Économie,Revenu médian,-,Taux de chômage,"1,49 %",couverture en très haut débit (fibre),0 %,Taux de création d'entreprises,-
seligney-39507,Économie,Revenu médian,-,Taux de chômage,-,couverture en très haut débit (fibre),0 %,Taux de création d'entreprises,-
supt-39522,Économie,Revenu médian,-,Taux de chômage,-,couverture en très haut débit (fibre),10 %,Taux de création d'entreprises,25 %
syam-39523,Économie,Revenu médian,24 340 €,Taux de chômage,"7,69 %",couverture en très haut débit (fibre),0 %,Taux de création d'entreprises,-
tavaux-39526,Économie,Revenu médian,22 930 €,Taux de chômage,"7,44 %",couverture en très haut débit (fibre),"80,48 %",Taux de création d'entreprises,"15,6 %"
thesy-39529,Économie,Revenu médian,-,Taux de chômage,"5,13 %",couverture en très haut débit (fibre),0 %,Taux de création d'entreprises,100 %
thoirette-coisia-39530,Économie,Revenu médian,22 160 €,Taux de chômage,"5,97 %",couverture en très haut débit (fibre),0 %,Taux de création d'entreprises,"15,1 %"
thoirette-coisia-39530,Économie,Revenu médian,22 160 €,Taux de chômage,"5,97 %",couverture en très haut débit (fibre),0 %,Taux de création d'entreprises,"15,1 %"
vadans-39539,Économie,Revenu médian,22 470 €,Taux de chômage,"5,74 %",couverture en très haut débit (fibre),0 %,Taux de création d'entreprises,10 %
valempoulieres-39540,Économie,Revenu médian,21 800 €,Taux de chômage,"2,68 %",couverture en très haut débit (fibre),"76,47 %",Taux de création d'entreprises,-
vannoz-39543,Économie,Revenu médian,27 700 €,Taux de chômage,"6,04 %",couverture en très haut débit (fibre),0 %,Taux de création d'entreprises,"9,1 %"
le-vaudioux-39545,Économie,Revenu médian,21 180 €,Taux de chômage,"3,12 %",couverture en très haut débit (fibre),0 %,Taux de création d'entreprises,"28,6 %"
vaux-sur-poligny-39548,Économie,Revenu médian,-,Taux de chômage,"4,17 %",couverture en très haut débit (fibre),"38,18 %",Taux de création d'entreprises,-
vernantois-39552,Économie,Revenu médian,22 640 €,Taux de chômage,"4,87 %",couverture en très haut débit (fibre),"0,94 %",Taux de création d'entreprises,"21,1 %"
vescles-39557,Économie,Revenu médian,23 870 €,Taux de chômage,"2,7 %",couverture en très haut débit (fibre),100 %,Taux de création d'entreprises,50 %
vevy-39558,Économie,Revenu médian,22 760 €,Taux de chômage,"6,33 %",couverture en très haut débit (fibre),"98,18 %",Taux de création d'entreprises,19 %
villards-d-heria-39561,Économie,Revenu médian,21 850 €,Taux de chômage,"6,19 %",couverture en très haut débit (fibre),"88,8 %",Taux de création d'entreprises,"28,6 %"
villeneuve-sous-pymont-39567,Économie,Revenu médian,26 850 €,Taux de chômage,"6,24 %",couverture en très haut débit (fibre),"90,22 %",Taux de création d'entreprises,20 %
villers-farlay-39569,Économie,Revenu médian,20 520 €,Taux de chômage,"5,3 %",couverture en très haut débit (fibre),0 %,Taux de création d'entreprises,"16,3 %"
vincent-froideville-39577,Économie,Revenu médian,23 180 €,Taux de chômage,"5,32 %",couverture en très haut débit (fibre),0 %,Taux de création d'entreprises,"16,7 %"
voiteur-39582,Économie,Revenu médian,23 650 €,Taux de chômage,"5,41 %",couverture en très haut débit (fibre),"42,31 %",Taux de création d'entreprises,"4,2 %"
vriange-39584,Économie,Revenu médian,23 980 €,Taux de chômage,"4,81 %",couverture en très haut débit (fibre),0 %,Taux de création d'entreprises,10 %
ahuy-21003,Économie,Revenu médian,26 480 €,Taux de chômage,"5,46 %",couverture en très haut débit (fibre),"94,43 %",Taux de création d'entreprises,"12,2 %"
aignay-le-duc-21004,Économie,Revenu médian,22 070 €,Taux de chômage,"13,92 %",couverture en très haut débit (fibre),0 %,Taux de création d'entreprises,"12,1 %"
allerey-21009,Économie,Revenu médian,20 570 €,Taux de chômage,"3,45 %",couverture en très haut débit (fibre),"58,33 %",Taux de création d'entreprises,"36,4 %"
aloxe-corton-21010,Économie,Revenu médian,26 920 €,Taux de chômage,"7,53 %",couverture en très haut débit (fibre),"72,73 %",Taux de création d'entreprises,"9,5 %"
antigny-la-ville-21015,Économie,Revenu médian,-,Taux de chômage,"11,99 %",couverture en très haut débit (fibre),0 %,Taux de création d'entreprises,-
arceau-21016,Économie,Revenu médian,28 250 €,Taux de chômage,"3,87 %",couverture en très haut débit (fibre),"71,03 %",Taux de création d'entreprises,"8,1 %"
arnay-sous-vitteaux-21024,Économie,Revenu médian,20 440 €,Taux de chômage,"4,99 %",couverture en très haut débit (fibre),"84,71 %",Taux de création d'entreprises,-
aubaine-21030,Économie,Revenu médian,-,Taux de chômage,"10,01 %",couverture en très haut débit (fibre),0 %,Taux de création d'entreprises,-
avot-21041,Économie,Revenu médian,20 810 €,Taux de chômage,"8,66 %",couverture en très haut débit (fibre),0 %,Taux de création d'entreprises,20 %
